-- MySQL dump 10.13  Distrib 8.0.19, for Linux (x86_64)
--
-- Host: localhost    Database: vk
-- ------------------------------------------------------
-- Server version	8.0.19

/*!40101 SET @OLD_CHARACTER_SET_CLIENT=@@CHARACTER_SET_CLIENT */;
/*!40101 SET @OLD_CHARACTER_SET_RESULTS=@@CHARACTER_SET_RESULTS */;
/*!40101 SET @OLD_COLLATION_CONNECTION=@@COLLATION_CONNECTION */;
/*!50503 SET NAMES utf8mb4 */;
/*!40103 SET @OLD_TIME_ZONE=@@TIME_ZONE */;
/*!40103 SET TIME_ZONE='+00:00' */;
/*!40014 SET @OLD_UNIQUE_CHECKS=@@UNIQUE_CHECKS, UNIQUE_CHECKS=0 */;
/*!40014 SET @OLD_FOREIGN_KEY_CHECKS=@@FOREIGN_KEY_CHECKS, FOREIGN_KEY_CHECKS=0 */;
/*!40101 SET @OLD_SQL_MODE=@@SQL_MODE, SQL_MODE='NO_AUTO_VALUE_ON_ZERO' */;
/*!40111 SET @OLD_SQL_NOTES=@@SQL_NOTES, SQL_NOTES=0 */;

--
-- Table structure for table `communities`
--

DROP TABLE IF EXISTS `communities`;
/*!40101 SET @saved_cs_client     = @@character_set_client */;
/*!50503 SET character_set_client = utf8mb4 */;
CREATE TABLE `communities` (
  `id` int unsigned NOT NULL AUTO_INCREMENT,
  `name` varchar(150) CHARACTER SET utf8 COLLATE utf8_unicode_ci NOT NULL,
  PRIMARY KEY (`id`),
  UNIQUE KEY `name` (`name`)
) ENGINE=InnoDB AUTO_INCREMENT=18 DEFAULT CHARSET=utf8 COLLATE=utf8_unicode_ci;
/*!40101 SET character_set_client = @saved_cs_client */;

--
-- Dumping data for table `communities`
--

LOCK TABLES `communities` WRITE;
/*!40000 ALTER TABLE `communities` DISABLE KEYS */;
INSERT INTO `communities` VALUES (8,'droup1'),(17,'droup10'),(9,'droup2'),(10,'droup3'),(11,'droup4'),(12,'droup5'),(13,'droup6'),(14,'droup7'),(15,'droup8'),(16,'droup9');
/*!40000 ALTER TABLE `communities` ENABLE KEYS */;
UNLOCK TABLES;

--
-- Table structure for table `communities_users`
--

DROP TABLE IF EXISTS `communities_users`;
/*!40101 SET @saved_cs_client     = @@character_set_client */;
/*!50503 SET character_set_client = utf8mb4 */;
CREATE TABLE `communities_users` (
  `community_id` int unsigned NOT NULL,
  `user_id` int unsigned NOT NULL,
  PRIMARY KEY (`community_id`,`user_id`)
) ENGINE=InnoDB DEFAULT CHARSET=utf8 COLLATE=utf8_unicode_ci;
/*!40101 SET character_set_client = @saved_cs_client */;

--
-- Dumping data for table `communities_users`
--

LOCK TABLES `communities_users` WRITE;
/*!40000 ALTER TABLE `communities_users` DISABLE KEYS */;
INSERT INTO `communities_users` VALUES (1,13),(1,15),(1,24),(1,40),(1,45),(1,57),(1,61),(1,65),(1,78),(1,86),(2,26),(2,28),(2,50),(2,54),(2,62),(2,74),(2,87),(3,4),(3,7),(3,12),(3,14),(3,27),(3,48),(3,73),(3,92),(3,98),(3,99),(4,8),(4,17),(4,58),(4,59),(4,83),(4,88),(4,95),(4,96),(5,1),(5,3),(5,6),(5,18),(5,33),(5,71),(5,75),(5,76),(5,77),(5,82),(5,91),(6,16),(6,25),(6,31),(6,43),(6,64),(6,79),(6,80),(6,84),(6,100),(7,2),(7,19),(7,21),(7,30),(7,36),(7,42),(7,51),(7,53),(7,55),(7,66),(7,69),(7,72),(7,97),(8,5),(8,9),(8,20),(8,32),(8,41),(8,47),(8,52),(8,89),(9,10),(9,23),(9,38),(9,39),(9,44),(9,46),(9,60),(9,68),(9,70),(9,81),(9,94),(10,11),(10,22),(10,29),(10,34),(10,35),(10,37),(10,49),(10,56),(10,63),(10,67),(10,85),(10,90),(10,93);
/*!40000 ALTER TABLE `communities_users` ENABLE KEYS */;
UNLOCK TABLES;

--
-- Table structure for table `friendship`
--

DROP TABLE IF EXISTS `friendship`;
/*!40101 SET @saved_cs_client     = @@character_set_client */;
/*!50503 SET character_set_client = utf8mb4 */;
CREATE TABLE `friendship` (
  `user_id` int unsigned NOT NULL,
  `friend_id` int unsigned NOT NULL,
  `status_id` int unsigned NOT NULL,
  `requested_at` datetime DEFAULT CURRENT_TIMESTAMP,
  `confirmed_at` datetime DEFAULT NULL,
  PRIMARY KEY (`user_id`,`friend_id`)
) ENGINE=InnoDB DEFAULT CHARSET=utf8 COLLATE=utf8_unicode_ci;
/*!40101 SET character_set_client = @saved_cs_client */;

--
-- Dumping data for table `friendship`
--

LOCK TABLES `friendship` WRITE;
/*!40000 ALTER TABLE `friendship` DISABLE KEYS */;
INSERT INTO `friendship` VALUES (2,42,1,'2011-03-17 19:40:02','2011-05-04 21:43:02'),(2,74,4,'2011-03-18 16:13:02','2011-03-20 14:00:02'),(3,80,2,'2011-02-11 02:41:19','2011-03-15 01:30:19'),(4,23,4,'2011-11-26 12:00:36','2012-01-08 10:05:36'),(6,68,3,'2013-11-22 06:13:48','2013-11-29 21:32:48'),(6,96,1,'2013-12-09 14:52:48','2013-12-30 03:52:48'),(7,6,2,'2018-09-01 15:04:02','2018-09-25 20:49:02'),(7,36,2,'2018-08-27 12:17:02','2018-08-31 12:40:02'),(7,38,1,'2018-08-23 18:02:02','2018-08-26 16:02:02'),(7,40,3,'2018-08-20 07:09:02','2018-08-22 20:01:02'),(7,44,1,'2018-09-11 02:07:02','2018-09-15 00:28:02'),(10,29,3,'2018-10-28 22:41:39','2018-11-09 23:52:39'),(10,78,3,'2018-11-01 08:43:39','2018-12-19 19:36:39'),(11,80,2,'2018-07-24 06:24:25','2018-09-01 17:15:25'),(13,22,1,'2011-01-29 09:39:57','2011-03-22 07:14:57'),(14,27,4,'2014-06-12 19:22:39','2014-07-12 20:07:39'),(17,19,1,'2019-06-07 04:51:04','2019-07-27 05:10:04'),(19,4,4,'2014-01-22 17:59:45','2014-03-12 14:38:45'),(19,17,3,'2014-01-14 05:13:45','2014-02-21 22:14:45'),(19,26,3,'2014-01-07 04:00:45','2014-02-23 03:06:45'),(20,22,3,'2015-02-18 06:21:44','2015-02-25 20:09:44'),(20,55,4,'2015-02-18 21:39:44','2015-02-27 00:03:44'),(20,61,1,'2015-02-23 06:53:44','2015-03-13 01:28:44'),(20,64,3,'2015-03-15 07:14:44','2015-03-24 07:36:44'),(20,78,4,'2015-02-19 02:34:44','2015-04-07 10:02:44'),(21,26,4,'2020-02-25 04:02:40','2020-04-08 00:17:40'),(24,8,2,'2017-01-31 09:44:33','2017-02-17 03:16:33'),(24,99,4,'2017-01-23 01:02:33','2017-02-02 17:17:33'),(25,21,4,'2010-11-22 17:21:16','2010-11-25 21:59:16'),(26,39,3,'2018-07-27 06:10:34','2018-09-04 17:58:34'),(26,67,1,'2018-07-11 12:32:34','2018-08-01 17:36:34'),(26,79,4,'2018-07-22 00:33:34','2018-09-03 03:50:34'),(28,77,3,'2013-08-02 06:08:01','2013-09-12 04:41:01'),(28,80,3,'2013-08-24 20:13:01','2013-09-13 13:50:01'),(30,26,2,'2012-04-14 14:11:47','2012-05-15 23:54:47'),(30,88,1,'2012-04-15 21:39:47','2012-05-28 04:06:47'),(31,76,3,'2012-08-29 18:19:49','2012-09-04 18:43:49'),(33,96,2,'2019-03-21 07:44:58','2019-04-04 17:05:58'),(35,37,1,'2019-01-05 09:12:58','2019-02-28 06:47:58'),(35,62,4,'2018-12-24 09:11:58','2018-12-28 11:44:58'),(37,8,1,'2015-11-17 00:30:45','2015-12-12 12:28:45'),(40,24,3,'2012-02-10 07:53:42','2012-02-14 09:26:42'),(41,14,3,'2016-12-11 01:54:54','2017-02-04 00:26:54'),(41,80,1,'2016-12-10 20:41:54','2017-01-20 03:23:54'),(42,69,1,'2012-06-26 15:32:23','2012-08-02 05:26:23'),(43,59,2,'2014-02-13 16:57:38','2014-02-20 04:59:38'),(43,76,4,'2014-01-28 12:20:38','2014-03-03 09:32:38'),(45,43,2,'2012-02-24 07:33:58','2012-04-03 02:44:58'),(47,42,3,'2019-07-13 19:54:49','2019-08-19 14:56:49'),(49,80,4,'2010-08-02 20:27:29','2010-08-14 20:44:29'),(49,97,2,'2010-08-02 09:02:29','2010-08-07 14:43:29'),(50,11,4,'2011-07-02 05:56:50','2011-08-16 22:51:50'),(50,32,4,'2011-07-01 01:35:50','2011-08-16 05:06:50'),(51,29,1,'2013-10-21 04:27:15','2013-11-28 05:56:15'),(52,79,4,'2013-04-09 15:55:52','2013-05-31 12:48:52'),(52,96,2,'2013-04-09 15:15:52','2013-05-13 16:33:52'),(54,28,1,'2020-01-27 22:08:16','2020-02-11 14:00:16'),(55,68,4,'2012-09-20 02:03:19','2012-10-16 18:48:19'),(57,66,2,'2016-04-10 08:35:33','2016-05-14 07:28:33'),(58,59,2,'2010-08-27 21:34:26','2010-10-01 00:22:26'),(59,59,2,'2019-12-10 23:24:51','2019-12-24 03:25:51'),(60,11,4,'2014-03-11 06:35:18','2014-03-30 07:39:18'),(60,97,2,'2014-02-18 19:42:18','2014-02-18 23:37:18'),(61,7,3,'2012-09-20 12:15:09','2012-11-14 07:21:09'),(61,98,1,'2012-09-18 00:58:09','2012-11-08 07:24:09'),(63,5,3,'2017-11-08 10:36:50','2017-12-14 20:07:50'),(63,80,4,'2017-11-06 17:03:50','2017-12-04 21:22:50'),(65,36,2,'2017-07-23 17:39:49','2017-08-24 10:41:49'),(65,49,1,'2017-08-09 20:15:49','2017-08-28 07:08:49'),(65,76,2,'2017-07-30 08:22:49','2017-09-21 01:03:49'),(66,54,3,'2019-12-08 09:40:01','2020-01-18 20:24:01'),(67,12,1,'2013-07-31 01:24:36','2013-09-18 05:02:36'),(68,16,4,'2013-04-21 18:50:37','2013-05-02 02:10:37'),(68,31,2,'2013-04-19 23:37:37','2013-05-05 04:03:37'),(70,22,1,'2012-11-05 18:57:03','2012-12-20 19:06:03'),(70,26,3,'2012-10-29 03:55:03','2012-11-10 23:24:03'),(70,88,2,'2012-10-21 01:42:03','2012-11-30 05:21:03'),(71,13,3,'2018-11-18 11:46:33','2019-01-08 16:54:33'),(72,17,1,'2018-01-21 08:56:36','2018-02-14 21:00:36'),(73,3,4,'2011-04-09 19:36:23','2011-05-04 05:50:23'),(74,91,4,'2016-12-19 19:44:08','2017-02-06 10:44:08'),(76,77,1,'2018-12-09 04:43:56','2018-12-12 09:03:56'),(78,53,2,'2011-05-19 18:13:42','2011-06-25 10:50:42'),(79,12,2,'2017-11-09 11:42:15','2017-11-16 17:51:15'),(80,73,3,'2016-02-09 14:59:51','2016-03-17 22:31:51'),(80,89,2,'2016-02-08 06:46:51','2016-04-01 23:22:51'),(81,85,4,'2011-06-03 02:29:58','2011-07-18 12:13:58'),(82,56,1,'2014-11-25 01:07:06','2014-12-05 10:39:06'),(84,14,3,'2011-02-22 14:23:44','2011-03-21 11:32:44'),(84,31,3,'2011-03-02 04:51:44','2011-04-18 20:41:44'),(86,3,3,'2014-06-15 03:07:39','2014-07-31 16:11:39'),(87,54,2,'2018-11-09 22:52:42','2018-12-14 03:22:42'),(89,60,2,'2015-12-22 22:19:27','2016-01-23 05:39:27'),(90,20,4,'2011-03-25 09:30:03','2011-05-18 08:38:03'),(91,7,1,'2011-10-26 20:59:41','2011-11-05 02:42:41'),(93,27,3,'2015-07-28 04:11:20','2015-09-17 03:19:20'),(93,58,1,'2015-07-28 03:59:20','2015-08-02 01:14:20'),(95,94,1,'2016-02-01 08:26:21','2016-03-10 13:17:21'),(97,17,4,'2015-08-06 07:07:03','2015-08-15 23:39:03'),(97,23,2,'2015-07-24 23:34:03','2015-09-07 22:19:03');
/*!40000 ALTER TABLE `friendship` ENABLE KEYS */;
UNLOCK TABLES;

--
-- Table structure for table `friendship_statuses`
--

DROP TABLE IF EXISTS `friendship_statuses`;
/*!40101 SET @saved_cs_client     = @@character_set_client */;
/*!50503 SET character_set_client = utf8mb4 */;
CREATE TABLE `friendship_statuses` (
  `id` int unsigned NOT NULL AUTO_INCREMENT,
  `name` varchar(150) CHARACTER SET utf8 COLLATE utf8_unicode_ci NOT NULL,
  PRIMARY KEY (`id`),
  UNIQUE KEY `name` (`name`)
) ENGINE=InnoDB AUTO_INCREMENT=5 DEFAULT CHARSET=utf8 COLLATE=utf8_unicode_ci;
/*!40101 SET character_set_client = @saved_cs_client */;

--
-- Dumping data for table `friendship_statuses`
--

LOCK TABLES `friendship_statuses` WRITE;
/*!40000 ALTER TABLE `friendship_statuses` DISABLE KEYS */;
INSERT INTO `friendship_statuses` VALUES (2,'accepted'),(3,'friendship request'),(1,'pending'),(4,'rejected');
/*!40000 ALTER TABLE `friendship_statuses` ENABLE KEYS */;
UNLOCK TABLES;

--
-- Table structure for table `media`
--

DROP TABLE IF EXISTS `media`;
/*!40101 SET @saved_cs_client     = @@character_set_client */;
/*!50503 SET character_set_client = utf8mb4 */;
CREATE TABLE `media` (
  `id` int unsigned NOT NULL AUTO_INCREMENT,
  `media_type_id` int unsigned NOT NULL,
  `user_id` int unsigned NOT NULL,
  `file_path` varchar(255) CHARACTER SET utf8 COLLATE utf8_unicode_ci NOT NULL,
  `size` int NOT NULL,
  `metadata` longtext CHARACTER SET utf8mb4 COLLATE utf8mb4_bin,
  `created_at` datetime DEFAULT CURRENT_TIMESTAMP,
  `updated_at` datetime DEFAULT CURRENT_TIMESTAMP ON UPDATE CURRENT_TIMESTAMP,
  PRIMARY KEY (`id`)
) ENGINE=InnoDB AUTO_INCREMENT=101 DEFAULT CHARSET=utf8 COLLATE=utf8_unicode_ci;
/*!40101 SET character_set_client = @saved_cs_client */;

--
-- Dumping data for table `media`
--

LOCK TABLES `media` WRITE;
/*!40000 ALTER TABLE `media` DISABLE KEYS */;
INSERT INTO `media` VALUES (1,102,81,'https://dropbox.com/path/to/file_8797',687923,'{\"owner\":\"Lucio Bauch\"}','2010-11-21 13:50:15','2020-04-02 02:14:53'),(2,103,76,'https://dropbox.com/path/to/file_5109',225891,'{\"owner\":\"Maximilian Bosco\"}','2011-03-19 01:07:02','2020-04-02 02:14:53'),(3,102,40,'https://dropbox.com/path/to/file_19154',89687,'{\"owner\":\"Jonathon Stoltenberg\"}','2011-01-29 10:01:19','2020-04-02 02:14:53'),(4,101,71,'https://dropbox.com/path/to/file_442',794760,'{\"owner\":\"Aglae Emard\"}','2011-11-17 11:18:36','2020-04-02 02:14:53'),(5,101,34,'https://dropbox.com/path/to/file_4749',632740,'{\"owner\":\"Catalina Bogisich\"}','2019-12-11 07:43:41','2020-04-02 02:14:53'),(6,101,55,'https://dropbox.com/path/to/file_2419',779420,'{\"owner\":\"Aron Gorczany\"}','2013-12-01 09:24:48','2020-04-02 02:14:53'),(7,102,76,'https://dropbox.com/path/to/file_17847',974883,'{\"owner\":\"Maximilian Bosco\"}','2018-09-09 10:55:02','2020-04-02 02:14:53'),(8,101,15,'https://dropbox.com/path/to/file_1980',488156,'{\"owner\":\"Unique Willms\"}','2011-05-30 22:13:59','2020-04-02 02:14:53'),(9,103,43,'https://dropbox.com/path/to/file_16360',540129,'{\"owner\":\"Catalina Wilkinson\"}','2010-06-13 09:36:55','2020-04-02 02:14:53'),(10,102,73,'https://dropbox.com/path/to/file_15859',212177,'{\"owner\":\"Chance Littel\"}','2018-11-04 12:41:39','2020-04-02 02:14:53'),(11,101,35,'https://dropbox.com/path/to/file_10217',464501,'{\"owner\":\"Paris Lebsack\"}','2018-08-07 10:48:25','2020-04-02 02:14:53'),(12,102,55,'https://dropbox.com/path/to/file_3507',661975,'{\"owner\":\"Aron Gorczany\"}','2012-06-03 05:45:30','2020-04-02 02:14:53'),(13,102,69,'https://dropbox.com/path/to/file_6884',892372,'{\"owner\":\"Rasheed Pagac\"}','2011-01-21 17:34:57','2020-04-02 02:14:53'),(14,102,83,'https://dropbox.com/path/to/file_3902',427937,'{\"owner\":\"Matilda Watsica\"}','2014-06-17 01:30:39','2020-04-02 02:14:53'),(15,102,8,'https://dropbox.com/path/to/file_18859',486566,'{\"owner\":\"Ebony Pollich\"}','2013-05-27 04:11:28','2020-04-02 02:14:53'),(16,102,89,'https://dropbox.com/path/to/file_2590',125023,'{\"owner\":\"Jonathon Price\"}','2017-03-06 04:14:55','2020-04-02 02:14:53'),(17,102,24,'https://dropbox.com/path/to/file_16373',189415,'{\"owner\":\"Vladimir Dibbert\"}','2019-05-30 03:13:04','2020-04-02 02:14:53'),(18,101,50,'https://dropbox.com/path/to/file_14097',572009,'{\"owner\":\"Michele Schimmel\"}','2018-01-29 01:19:12','2020-04-02 02:14:53'),(19,101,80,'https://dropbox.com/path/to/file_1364',243800,'{\"owner\":\"Eve Hand\"}','2014-01-09 04:40:45','2020-04-02 02:14:53'),(20,103,49,'https://dropbox.com/path/to/file_4532',526973,'{\"owner\":\"Alda Donnelly\"}','2015-02-20 08:13:44','2020-04-02 02:14:53'),(21,101,6,'https://dropbox.com/path/to/file_18569',879466,'{\"owner\":\"Dustin Little\"}','2020-02-15 20:16:40','2020-04-02 02:14:53'),(22,101,82,'https://dropbox.com/path/to/file_19246',768413,'{\"owner\":\"Serena Cormier\"}','2016-11-22 12:43:16','2020-04-02 02:14:53'),(23,103,93,'https://dropbox.com/path/to/file_527',179667,'{\"owner\":\"Bette Boehm\"}','2012-11-02 23:44:07','2020-04-02 02:14:53'),(24,102,21,'https://dropbox.com/path/to/file_4896',641095,'{\"owner\":\"Carissa Heller\"}','2017-02-08 05:33:33','2020-04-02 02:14:53'),(25,101,23,'https://dropbox.com/path/to/file_2899',618473,'{\"owner\":\"Jean Ryan\"}','2010-11-21 22:26:16','2020-04-02 02:14:53'),(26,102,53,'https://dropbox.com/path/to/file_19810',145084,'{\"owner\":\"Maximillian Keeling\"}','2018-07-30 07:23:34','2020-04-02 02:14:53'),(27,101,95,'https://dropbox.com/path/to/file_10351',918001,'{\"owner\":\"Lilliana Powlowski\"}','2012-07-01 08:29:32','2020-04-02 02:14:53'),(28,103,20,'https://dropbox.com/path/to/file_12327',58752,'{\"owner\":\"Samara Carter\"}','2013-08-09 06:20:01','2020-04-02 02:14:53'),(29,101,14,'https://dropbox.com/path/to/file_10582',611758,'{\"owner\":\"Kristy Reichel\"}','2013-09-21 22:33:44','2020-04-02 02:14:53'),(30,102,6,'https://dropbox.com/path/to/file_15929',834536,'{\"owner\":\"Dustin Little\"}','2012-05-04 05:53:47','2020-04-02 02:14:53'),(31,101,90,'https://dropbox.com/path/to/file_7901',289407,'{\"owner\":\"Raquel Morissette\"}','2012-08-21 20:20:49','2020-04-02 02:14:53'),(32,101,32,'https://dropbox.com/path/to/file_11717',991426,'{\"owner\":\"Aurore Abernathy\"}','2014-03-14 15:59:45','2020-04-02 02:14:53'),(33,101,89,'https://dropbox.com/path/to/file_14885',1016911,'{\"owner\":\"Jonathon Price\"}','2019-04-09 08:48:58','2020-04-02 02:14:53'),(34,101,52,'https://dropbox.com/path/to/file_19273',62276,'{\"owner\":\"Eliseo Hagenes\"}','2019-07-03 12:15:52','2020-04-02 02:14:53'),(35,103,90,'https://dropbox.com/path/to/file_11711',332648,'{\"owner\":\"Raquel Morissette\"}','2018-12-10 08:42:58','2020-04-02 02:14:53'),(36,101,96,'https://dropbox.com/path/to/file_734',452414,'{\"owner\":\"Mariana Thompson\"}','2012-09-11 06:36:40','2020-04-02 02:14:53'),(37,101,12,'https://dropbox.com/path/to/file_8539',240125,'{\"owner\":\"Gabrielle Swift\"}','2015-11-12 03:02:45','2020-04-02 02:14:53'),(38,101,68,'https://dropbox.com/path/to/file_496',867382,'{\"owner\":\"Trinity Zulauf\"}','2017-10-01 02:38:08','2020-04-02 02:14:53'),(39,103,8,'https://dropbox.com/path/to/file_16860',544539,'{\"owner\":\"Ebony Pollich\"}','2010-10-27 09:04:33','2020-04-02 02:14:53'),(40,101,32,'https://dropbox.com/path/to/file_2813',120547,'{\"owner\":\"Aurore Abernathy\"}','2012-02-16 13:42:42','2020-04-02 02:14:53'),(41,101,37,'https://dropbox.com/path/to/file_3486',1017120,'{\"owner\":\"Kiley Rohan\"}','2016-12-02 00:07:54','2020-04-02 02:14:53'),(42,103,87,'https://dropbox.com/path/to/file_8993',627961,'{\"owner\":\"Rodrick Ortiz\"}','2012-07-01 14:47:23','2020-04-02 02:14:53'),(43,101,29,'https://dropbox.com/path/to/file_14504',88443,'{\"owner\":\"Sydnee Wunsch\"}','2014-02-09 13:33:38','2020-04-02 02:14:53'),(44,102,82,'https://dropbox.com/path/to/file_5545',606334,'{\"owner\":\"Serena Cormier\"}','2016-12-23 08:43:06','2020-04-02 02:14:53'),(45,103,25,'https://dropbox.com/path/to/file_4214',718339,'{\"owner\":\"Emelie Ferry\"}','2012-02-25 07:57:58','2020-04-02 02:14:53'),(46,102,77,'https://dropbox.com/path/to/file_4433',748695,'{\"owner\":\"Danielle Kerluke\"}','2013-11-21 07:16:45','2020-04-02 02:14:53'),(47,102,13,'https://dropbox.com/path/to/file_9523',564459,'{\"owner\":\"Beau Spencer\"}','2019-07-03 03:17:49','2020-04-02 02:14:53'),(48,102,31,'https://dropbox.com/path/to/file_14318',576211,'{\"owner\":\"Alexzander Gottlieb\"}','2019-05-09 11:30:10','2020-04-02 02:14:53'),(49,103,16,'https://dropbox.com/path/to/file_3021',163679,'{\"owner\":\"Zoie Hayes\"}','2010-08-17 23:20:29','2020-04-02 02:14:53'),(50,102,85,'https://dropbox.com/path/to/file_12153',113761,'{\"owner\":\"Cade D\'Amore\"}','2011-07-17 21:25:50','2020-04-02 02:14:53'),(51,101,80,'https://dropbox.com/path/to/file_11703',77771,'{\"owner\":\"Eve Hand\"}','2013-10-18 01:50:15','2020-04-02 02:14:53'),(52,102,47,'https://dropbox.com/path/to/file_2056',47570,'{\"owner\":\"Enola Monahan\"}','2013-03-30 04:41:52','2020-04-02 02:14:53'),(53,101,92,'https://dropbox.com/path/to/file_15171',4538,'{\"owner\":\"Anya Russel\"}','2011-08-06 00:05:09','2020-04-02 02:14:53'),(54,102,21,'https://dropbox.com/path/to/file_9687',903980,'{\"owner\":\"Carissa Heller\"}','2020-01-10 22:10:16','2020-04-02 02:14:53'),(55,101,27,'https://dropbox.com/path/to/file_2922',410289,'{\"owner\":\"Annamae Rosenbaum\"}','2012-09-08 13:55:19','2020-04-02 02:14:53'),(56,101,73,'https://dropbox.com/path/to/file_5549',363504,'{\"owner\":\"Chance Littel\"}','2018-02-14 10:00:39','2020-04-02 02:14:53'),(57,102,85,'https://dropbox.com/path/to/file_18980',586654,'{\"owner\":\"Cade D\'Amore\"}','2016-04-11 13:27:33','2020-04-02 02:14:53'),(58,103,6,'https://dropbox.com/path/to/file_18255',818757,'{\"owner\":\"Dustin Little\"}','2010-08-20 01:38:26','2020-04-02 02:14:53'),(59,102,74,'https://dropbox.com/path/to/file_14334',285827,'{\"owner\":\"Teagan Botsford\"}','2019-12-23 18:25:51','2020-04-02 02:14:53'),(60,103,52,'https://dropbox.com/path/to/file_16907',1020861,'{\"owner\":\"Eliseo Hagenes\"}','2014-02-15 14:47:18','2020-04-02 02:14:53'),(61,102,40,'https://dropbox.com/path/to/file_1535',150824,'{\"owner\":\"Jonathon Stoltenberg\"}','2012-10-02 03:57:09','2020-04-02 02:14:53'),(62,101,43,'https://dropbox.com/path/to/file_16951',763539,'{\"owner\":\"Catalina Wilkinson\"}','2016-05-14 08:22:32','2020-04-02 02:14:53'),(63,101,94,'https://dropbox.com/path/to/file_152',293225,'{\"owner\":\"Alize Eichmann\"}','2017-11-07 08:29:50','2020-04-02 02:14:53'),(64,101,43,'https://dropbox.com/path/to/file_9909',199507,'{\"owner\":\"Catalina Wilkinson\"}','2013-09-13 05:15:01','2020-04-02 02:14:53'),(65,102,31,'https://dropbox.com/path/to/file_9090',117860,'{\"owner\":\"Alexzander Gottlieb\"}','2017-08-06 01:24:49','2020-04-02 02:14:53'),(66,101,27,'https://dropbox.com/path/to/file_15720',1014778,'{\"owner\":\"Annamae Rosenbaum\"}','2019-12-11 01:21:01','2020-04-02 02:14:53'),(67,101,40,'https://dropbox.com/path/to/file_11334',624314,'{\"owner\":\"Jonathon Stoltenberg\"}','2013-08-20 23:24:36','2020-04-02 02:14:53'),(68,101,22,'https://dropbox.com/path/to/file_9507',77235,'{\"owner\":\"Adrian Fay\"}','2013-04-07 07:05:37','2020-04-02 02:14:53'),(69,101,85,'https://dropbox.com/path/to/file_13536',561235,'{\"owner\":\"Cade D\'Amore\"}','2011-10-03 01:25:29','2020-04-02 02:14:53'),(70,102,65,'https://dropbox.com/path/to/file_19157',526471,'{\"owner\":\"Jonathan Ritchie\"}','2012-10-15 09:16:03','2020-04-02 02:14:53'),(71,102,68,'https://dropbox.com/path/to/file_15179',948651,'{\"owner\":\"Trinity Zulauf\"}','2018-11-09 09:40:33','2020-04-02 02:14:53'),(72,101,47,'https://dropbox.com/path/to/file_18425',91842,'{\"owner\":\"Enola Monahan\"}','2018-01-20 18:25:36','2020-04-02 02:14:53'),(73,101,28,'https://dropbox.com/path/to/file_6588',685258,'{\"owner\":\"Howard Harvey\"}','2011-04-06 06:41:23','2020-04-02 02:14:53'),(74,102,1,'https://dropbox.com/path/to/file_17667',78765,'{\"owner\":\"Simone Beahan\"}','2016-12-03 22:41:08','2020-04-02 02:14:53'),(75,103,18,'https://dropbox.com/path/to/file_8572',386050,'{\"owner\":\"Rose Pollich\"}','2014-11-13 11:28:58','2020-04-02 02:14:53'),(76,102,88,'https://dropbox.com/path/to/file_9860',669955,'{\"owner\":\"Hassan Lind\"}','2019-01-01 18:16:56','2020-04-02 02:14:53'),(77,102,88,'https://dropbox.com/path/to/file_3582',143626,'{\"owner\":\"Hassan Lind\"}','2019-10-30 00:08:17','2020-04-02 02:14:53'),(78,103,75,'https://dropbox.com/path/to/file_8332',756266,'{\"owner\":\"Constantin Ryan\"}','2011-05-31 22:18:42','2020-04-02 02:14:53'),(79,102,11,'https://dropbox.com/path/to/file_10913',278452,'{\"owner\":\"Drew Runolfsdottir\"}','2017-11-12 12:06:15','2020-04-02 02:14:53'),(80,103,30,'https://dropbox.com/path/to/file_9568',147464,'{\"owner\":\"Elmo Marquardt\"}','2016-02-15 23:21:51','2020-04-02 02:14:53'),(81,103,15,'https://dropbox.com/path/to/file_15105',925964,'{\"owner\":\"Unique Willms\"}','2011-05-21 23:27:58','2020-04-02 02:14:53'),(82,102,85,'https://dropbox.com/path/to/file_6821',91430,'{\"owner\":\"Cade D\'Amore\"}','2014-11-24 16:09:06','2020-04-02 02:14:53'),(83,103,81,'https://dropbox.com/path/to/file_8790',751257,'{\"owner\":\"Lucio Bauch\"}','2011-02-25 19:12:16','2020-04-02 02:14:53'),(84,101,52,'https://dropbox.com/path/to/file_3487',409994,'{\"owner\":\"Eliseo Hagenes\"}','2011-03-09 05:30:44','2020-04-02 02:14:53'),(85,101,14,'https://dropbox.com/path/to/file_11064',820199,'{\"owner\":\"Kristy Reichel\"}','2019-08-17 07:07:35','2020-04-02 02:14:53'),(86,103,14,'https://dropbox.com/path/to/file_4860',823017,'{\"owner\":\"Kristy Reichel\"}','2014-06-26 15:24:39','2020-04-02 02:14:53'),(87,101,26,'https://dropbox.com/path/to/file_11108',630485,'{\"owner\":\"Dahlia Anderson\"}','2018-11-12 01:10:42','2020-04-02 02:14:53'),(88,102,89,'https://dropbox.com/path/to/file_960',683376,'{\"owner\":\"Jonathon Price\"}','2015-06-28 02:19:39','2020-04-02 02:14:53'),(89,103,68,'https://dropbox.com/path/to/file_11479',501425,'{\"owner\":\"Trinity Zulauf\"}','2015-12-29 12:27:27','2020-04-02 02:14:53'),(90,103,72,'https://dropbox.com/path/to/file_14513',457000,'{\"owner\":\"Crawford Homenick\"}','2011-03-15 03:29:03','2020-04-02 02:14:53'),(91,103,56,'https://dropbox.com/path/to/file_18129',780723,'{\"owner\":\"Amara Stiedemann\"}','2011-11-08 04:28:41','2020-04-02 02:14:53'),(92,103,64,'https://dropbox.com/path/to/file_7106',484615,'{\"owner\":\"Maci Murphy\"}','2012-12-25 00:36:56','2020-04-02 02:14:53'),(93,103,51,'https://dropbox.com/path/to/file_1145',80906,'{\"owner\":\"Brycen Howe\"}','2015-07-08 08:18:20','2020-04-02 02:14:53'),(94,102,66,'https://dropbox.com/path/to/file_4406',998685,'{\"owner\":\"Laisha Stanton\"}','2011-09-25 08:46:29','2020-04-02 02:14:53'),(95,101,74,'https://dropbox.com/path/to/file_18595',654707,'{\"owner\":\"Teagan Botsford\"}','2016-02-04 20:20:21','2020-04-02 02:14:53'),(96,103,74,'https://dropbox.com/path/to/file_19759',277483,'{\"owner\":\"Teagan Botsford\"}','2010-08-09 16:16:16','2020-04-02 02:14:53'),(97,101,48,'https://dropbox.com/path/to/file_3009',447295,'{\"owner\":\"Rosa Hoeger\"}','2015-08-16 15:13:03','2020-04-02 02:14:53'),(98,103,18,'https://dropbox.com/path/to/file_15768',380025,'{\"owner\":\"Rose Pollich\"}','2011-01-05 09:49:57','2020-04-02 02:14:53'),(99,103,44,'https://dropbox.com/path/to/file_9816',558243,'{\"owner\":\"Baby Hamill\"}','2015-03-07 15:35:31','2020-04-02 02:14:53'),(100,101,68,'https://dropbox.com/path/to/file_1776',627138,'{\"owner\":\"Trinity Zulauf\"}','2011-09-27 20:15:37','2020-04-02 02:14:53');
/*!40000 ALTER TABLE `media` ENABLE KEYS */;
UNLOCK TABLES;

--
-- Table structure for table `media_types`
--

DROP TABLE IF EXISTS `media_types`;
/*!40101 SET @saved_cs_client     = @@character_set_client */;
/*!50503 SET character_set_client = utf8mb4 */;
CREATE TABLE `media_types` (
  `id` int unsigned NOT NULL AUTO_INCREMENT,
  `name` varchar(255) CHARACTER SET utf8 COLLATE utf8_unicode_ci NOT NULL,
  PRIMARY KEY (`id`),
  UNIQUE KEY `name` (`name`)
) ENGINE=InnoDB AUTO_INCREMENT=104 DEFAULT CHARSET=utf8 COLLATE=utf8_unicode_ci;
/*!40101 SET character_set_client = @saved_cs_client */;

--
-- Dumping data for table `media_types`
--

LOCK TABLES `media_types` WRITE;
/*!40000 ALTER TABLE `media_types` DISABLE KEYS */;
INSERT INTO `media_types` VALUES (101,'audio'),(103,'photo'),(102,'video');
/*!40000 ALTER TABLE `media_types` ENABLE KEYS */;
UNLOCK TABLES;

--
-- Table structure for table `messages`
--

DROP TABLE IF EXISTS `messages`;
/*!40101 SET @saved_cs_client     = @@character_set_client */;
/*!50503 SET character_set_client = utf8mb4 */;
CREATE TABLE `messages` (
  `id` int unsigned NOT NULL AUTO_INCREMENT,
  `from_user_id` int unsigned NOT NULL,
  `to_user_id` int unsigned NOT NULL,
  `body` text CHARACTER SET utf8 COLLATE utf8_unicode_ci NOT NULL,
  `is_important` tinyint(1) DEFAULT NULL,
  `is_delivered` tinyint(1) DEFAULT NULL,
  `created_at` datetime DEFAULT CURRENT_TIMESTAMP,
  PRIMARY KEY (`id`)
) ENGINE=InnoDB AUTO_INCREMENT=101 DEFAULT CHARSET=utf8 COLLATE=utf8_unicode_ci;
/*!40101 SET character_set_client = @saved_cs_client */;

--
-- Dumping data for table `messages`
--

LOCK TABLES `messages` WRITE;
/*!40000 ALTER TABLE `messages` DISABLE KEYS */;
INSERT INTO `messages` VALUES (1,81,34,'Rerum rerum cum excepturi eius. Est dolorem illo recusandae exercitationem est non. Aliquid omnis voluptas veritatis nihil et qui. Quis eum nihil doloremque aliquam quam.',1,1,'2010-11-20 05:16:15'),(2,27,32,'Et consequatur pariatur perferendis fugiat nulla. Tempora sequi quibusdam reiciendis eum dignissimos ullam quis. Ipsa et deleniti voluptatem perspiciatis magni debitis ut dignissimos.',1,0,'2011-03-23 09:44:02'),(3,77,91,'Dicta molestiae rerum sed a reiciendis quia quia. Repellat dolorem ex quia eos quae dolorum nobis. Beatae incidunt et iusto.',0,0,'2011-01-27 12:09:19'),(4,21,32,'Officia harum corporis neque tenetur sint. Qui eius rerum quis esse.',0,0,'2011-11-22 14:46:36'),(5,97,86,'Distinctio ratione ab excepturi eius. Quod qui sit minus omnis. Consequatur dignissimos eaque asperiores quia doloremque. Mollitia consequatur quia est et quaerat.',0,0,'2019-11-17 05:22:41'),(6,42,51,'Ipsum ex qui ducimus est qui dolores ut. Rerum id atque velit tenetur voluptates ipsam eaque. Aut iusto fugit tenetur suscipit eaque est neque. Incidunt consectetur adipisci rerum.',0,1,'2013-12-04 08:33:48'),(7,28,86,'Dolorem dolor beatae fugit ducimus illo quidem ab. Impedit distinctio deleniti dolor nihil labore deleniti ab. Est odit magnam facilis.',0,1,'2018-08-16 11:04:02'),(8,47,77,'Voluptatem ut voluptatibus aut rem. Similique perspiciatis placeat voluptate deserunt consequuntur. Minima enim assumenda dolores omnis. Placeat iste sequi vel aut eos est.',1,0,'2011-05-13 04:10:59'),(9,42,79,'Incidunt quia et omnis. Cupiditate rerum facilis incidunt totam autem. Assumenda est placeat aut voluptatem. Assumenda architecto quidem quod dolorum.',0,1,'2010-05-27 14:56:55'),(10,68,2,'Aut tempore nihil sed aut et sed saepe. Sint delectus sint et. Sapiente et suscipit impedit vel.',0,0,'2018-11-01 16:10:39'),(11,5,17,'Adipisci saepe molestiae aut necessitatibus similique distinctio. Vel voluptatem culpa minima voluptatem velit impedit quae sit. Quisquam sed numquam et et qui. Atque est quam rem corrupti.',1,1,'2018-08-15 17:33:25'),(12,72,8,'Iste enim dolorem et id veniam rerum. Quod tenetur aliquid quia atque.',1,1,'2012-05-28 15:43:30'),(13,22,87,'Provident dolor provident maxime facere non. Et quidem perferendis asperiores nihil et iste sed. Veritatis quo impedit quos et repellat perspiciatis.',0,0,'2011-01-24 12:29:57'),(14,67,73,'Quod qui laudantium ipsa. Dolor aut deserunt sequi aut. Corporis fuga explicabo dolorem soluta soluta.\nEst harum omnis enim sed. Veniam et dolorem eos similique. Aut ea nesciunt neque quam.',1,1,'2014-06-19 23:30:39'),(15,65,5,'Impedit ipsum quo sapiente qui tempore voluptatem. Omnis consequatur sit aut. Deleniti nam aut quidem alias ullam.',0,0,'2013-06-02 09:25:28'),(16,28,25,'Rem eaque eligendi necessitatibus voluptatum quos occaecati temporibus. Sequi eaque error inventore aperiam iusto beatae delectus. Vitae vel numquam fugit qui veniam doloremque in.',0,0,'2017-02-28 17:43:55'),(17,40,25,'Necessitatibus placeat ea qui nam nam. Repudiandae necessitatibus necessitatibus officiis necessitatibus. Corporis ipsa nesciunt non in voluptates. Et itaque libero mollitia sed et est aut iusto.',1,0,'2019-06-08 20:16:04'),(18,7,56,'Qui fugiat soluta qui nesciunt. Quasi aut eius quam et. Mollitia quibusdam et est corrupti ut illum aut. Quasi distinctio rerum tempora. Et ipsa officia illo.',0,1,'2018-01-10 14:08:12'),(19,61,35,'Architecto vitae et sed est esse. Eaque rem consequatur incidunt molestiae officiis. Iusto facilis quidem tempore harum. Totam id voluptatem ratione et alias.',1,0,'2013-12-29 20:14:45'),(20,92,55,'Aut laboriosam amet inventore dignissimos ab reiciendis nesciunt. Sed sint aperiam quos quidem reprehenderit sapiente. Deleniti ducimus ut culpa qui tempora doloribus. Ipsa et natus eius rerum.',1,0,'2015-02-23 23:40:44'),(21,98,25,'Illum error reprehenderit eaque totam. Id nostrum animi nostrum doloribus illo. Quod magnam saepe harum est.',0,1,'2020-02-09 13:27:40'),(22,29,71,'Enim sit voluptas autem. Et dolor quibusdam harum cum blanditiis odio iure. Voluptate eum et labore doloribus provident.',0,1,'2016-11-07 22:59:16'),(23,69,30,'Possimus quas et excepturi hic aspernatur nulla. Vitae odit omnis dolor nihil distinctio. Dolores ea quo animi soluta totam.',1,0,'2012-11-04 12:52:07'),(24,41,17,'Repellat magni et quis. Quaerat sit tempora sit dicta at est minima aut. Voluptatem aliquid harum laudantium alias pariatur omnis nihil. Sequi explicabo impedit distinctio qui vel dolor qui.',1,1,'2017-02-04 03:04:33'),(25,60,50,'Aut officia illo eligendi. Voluptas fugit doloribus omnis corporis. Quas cum consequatur recusandae adipisci possimus sint nihil.',1,0,'2010-11-24 13:17:16'),(26,69,92,'Dolores debitis deserunt omnis dolor. Rem sit et sint. Praesentium magni similique porro totam consequatur ut aut. Ab et laborum deserunt cupiditate reiciendis.',0,0,'2018-07-27 22:24:34'),(27,56,2,'Qui optio vel non inventore fuga. Autem totam autem eveniet porro. In dignissimos provident eius voluptas. Et veniam ut necessitatibus corrupti et voluptatem.',1,1,'2012-06-11 15:00:32'),(28,43,10,'Corrupti error atque architecto architecto ut officia. Quisquam in consequuntur impedit. At ullam ut non qui.',1,1,'2013-08-01 01:53:01'),(29,17,58,'Nisi molestiae quia earum nisi quia iste et. Dolorum magnam quia quo voluptatem sed illum. Debitis tempora dolorem ut minima possimus libero cumque.',0,1,'2013-09-12 10:05:44'),(30,35,4,'Ullam aut ut quis tenetur sit iusto eligendi praesentium. Laudantium repellendus aliquam sapiente dolores sint corrupti.',0,0,'2012-04-11 04:57:47'),(31,12,48,'Sint ut et tempora ut ex provident. Quos sint cupiditate mollitia et accusamus. Et est eveniet quo praesentium pariatur minus.',0,0,'2012-08-18 12:59:49'),(32,6,82,'Aspernatur eligendi doloremque omnis. Eligendi sed dolore in vel aut. Beatae autem repellat qui accusamus id ut at. Aliquid nihil sed numquam assumenda quis facere ut.',0,0,'2014-03-11 16:46:45'),(33,94,24,'Officiis odit nesciunt exercitationem ipsum quis. Totam voluptatem placeat sint voluptatem et sequi. Nam qui ad quae est velit tempore et.',1,0,'2019-04-04 10:45:58'),(34,36,6,'Molestiae deleniti sit inventore optio eos possimus. Laudantium nam tempore nam tenetur rerum voluptas. Quibusdam nam est adipisci ut sunt ad consequatur.',0,1,'2019-06-17 19:36:52'),(35,25,3,'Tempore veritatis facilis est porro rerum est. Beatae doloremque libero minus earum. Nobis incidunt facilis id.',1,1,'2018-12-29 23:35:58'),(36,41,94,'Tempore est excepturi asperiores saepe et in suscipit quisquam. Itaque ipsum aliquid laudantium officia. Ipsam iusto laudantium aut voluptatem. Qui rerum deleniti ut.',0,1,'2012-09-17 13:43:40'),(37,49,62,'Exercitationem voluptas odit tempore tempora sed ut qui. Facere fugiat voluptates praesentium magnam. Suscipit deleniti fugit facilis reprehenderit est tempore harum.',0,1,'2015-11-12 12:36:45'),(38,62,26,'Numquam voluptatem accusantium facilis sit sed dicta. Fugit blanditiis magni magni odit amet corrupti. Quia dicta sit id voluptatum eum dolores amet.',0,0,'2017-10-11 23:44:08'),(39,40,22,'Hic quo numquam pariatur animi. Enim maiores tempora voluptas. Laboriosam eveniet aliquam ex eum voluptatem voluptatum sit.',1,1,'2010-10-25 00:33:33'),(40,92,91,'Et ea distinctio ut nesciunt iste quidem quos. Voluptatum ipsam quisquam sed et. Dolores dolores maiores ut sit qui sapiente nisi. Nam iusto quia suscipit eos aut.',0,1,'2012-01-30 22:26:42'),(41,80,28,'Ut et ut ex quasi quibusdam facilis. Natus quisquam deleniti hic sint. Repudiandae consequatur voluptatem et quidem vero in eaque. Voluptas quis sunt nemo doloribus optio saepe sunt esse.',0,0,'2016-12-09 05:27:54'),(42,97,2,'Saepe quas soluta voluptatibus et porro. Molestiae qui nostrum tempora earum nisi. Praesentium a eos est non magni ab.',1,0,'2012-07-04 07:10:23'),(43,18,83,'Placeat distinctio pariatur mollitia et quos neque maiores. Perspiciatis tempora nihil reiciendis excepturi suscipit et. Occaecati veniam at qui numquam iusto.',1,0,'2014-02-01 07:29:38'),(44,62,58,'Tempora aut quod amet magnam fugiat ab. Numquam voluptates omnis numquam totam. Sequi nihil et sit voluptas ut.',1,1,'2016-12-01 19:55:06'),(45,7,58,'Et reiciendis qui expedita et. Debitis ut ut maiores qui quia esse.',0,0,'2012-02-25 18:07:58'),(46,67,62,'Et reiciendis tempore fugiat molestiae deserunt illum nostrum. Atque reiciendis saepe tenetur et. Culpa iusto excepturi ex assumenda vel quos.',1,1,'2013-11-04 16:30:45'),(47,9,60,'Cum est aliquam excepturi omnis facilis sint et alias. Sed corrupti doloribus iure illum illum corrupti. Nostrum quae est nihil velit consequatur. Consequatur aperiam possimus totam.',1,1,'2019-07-02 02:57:49'),(48,71,75,'Vel qui at dolore asperiores. Est illum voluptas quaerat debitis et doloribus. Quos odit voluptas neque voluptatem quod doloribus dicta. Dolores nulla ratione nulla et ea.',1,1,'2019-05-26 11:31:10'),(49,60,73,'Est et quaerat est at dicta ut et. Nobis non nostrum veniam est occaecati. In eius velit voluptatum. Quibusdam error quo sed fuga.',0,1,'2010-08-22 16:22:29'),(50,88,18,'Ut ut saepe doloribus voluptas a et et alias. Voluptatem est similique fugiat ut accusantium amet tempore.',0,1,'2011-07-18 05:14:50'),(51,27,80,'Praesentium id facere dolore quas illo. Voluptas eum ea consectetur alias. Aperiam maiores optio explicabo autem qui ab. Totam voluptas ipsam accusantium saepe tempora.',1,0,'2013-10-05 13:47:15'),(52,19,54,'Quia aperiam sed ipsam. Aliquam recusandae commodi rerum blanditiis perferendis inventore odio. Et magni omnis deleniti ipsa libero. Quia ducimus minima autem qui harum.',1,1,'2013-03-22 06:19:52'),(53,14,7,'Cupiditate fugiat cupiditate nemo. Sit distinctio fuga consequatur sed tempore. Aut sed aut est cum. Suscipit iste autem voluptas eligendi assumenda.',0,0,'2011-08-03 20:26:09'),(54,94,48,'Reprehenderit ut hic et fugiat tempora sunt. Earum nostrum eius reprehenderit tempore aut omnis. Dolorem maxime odit rerum est. Reiciendis necessitatibus voluptas natus et quia ex.',0,0,'2020-01-23 23:01:16'),(55,56,34,'Et in beatae quod autem omnis neque. Autem et iusto id. Cum et quia velit reprehenderit.',1,1,'2012-09-24 15:46:19'),(56,4,19,'Blanditiis optio aperiam dolor quisquam velit officia corporis voluptatem. Sapiente repudiandae animi perspiciatis ex. Nulla enim adipisci nobis quas maiores.',1,1,'2018-01-31 03:18:39'),(57,80,44,'Est et consequuntur quis omnis delectus et reprehenderit perspiciatis. Quo alias dicta est eligendi eos debitis repudiandae. Vero officia numquam tenetur voluptates ut possimus distinctio.',1,1,'2016-04-03 01:07:33'),(58,78,58,'Numquam eius ut nesciunt quos. Aspernatur eum rerum alias. Fugiat provident quasi amet aut.\nReprehenderit enim et sint tenetur. Accusantium est quaerat dolorem harum accusamus.',0,1,'2010-08-20 08:07:26'),(59,54,99,'Omnis asperiores impedit ut nemo hic et. Excepturi dicta voluptas quam ab ut.',0,1,'2019-12-22 21:09:51'),(60,29,50,'Et sint ut commodi qui ea cum vitae. Aut aliquam est id fugit. Ut omnis est non et. Praesentium et corrupti odio dolorem debitis voluptate earum.',0,1,'2014-03-10 03:42:18'),(61,63,63,'Et distinctio ipsum unde rerum numquam quisquam corrupti. Repellat cupiditate harum velit aut occaecati repellendus. Amet porro voluptas non sunt magnam sunt est.',1,1,'2012-10-06 09:37:09'),(62,25,34,'Placeat esse illum praesentium repellat distinctio. Quam voluptas aut in impedit debitis odit ex. Assumenda excepturi qui est ipsum.',0,1,'2016-05-23 11:18:32'),(63,96,79,'Perspiciatis nihil rerum velit. Vel velit delectus omnis id recusandae. Et et rerum doloribus molestiae exercitationem. Quo minus magnam aut consectetur aperiam.',0,0,'2017-11-12 11:26:50'),(64,5,88,'Qui omnis voluptatem doloribus incidunt architecto corrupti. Architecto non necessitatibus et eaque consequatur suscipit. Et aspernatur dolores tempore explicabo facilis sequi enim.',0,1,'2013-09-11 11:17:01'),(65,25,62,'Et aut sunt mollitia ut. Repudiandae assumenda sint quasi nam. Omnis pariatur mollitia error et rerum.',1,0,'2017-08-09 17:19:49'),(66,32,75,'Iusto aut aut voluptatem neque maxime. Doloremque et eos minus molestiae. Nihil quam et est debitis repudiandae repellendus optio. Nemo fugiat neque quia dicta.',0,0,'2019-12-06 20:13:01'),(67,77,61,'Nisi at est ut ipsum. Eos tempora labore nulla exercitationem enim ullam. Neque ea autem provident eligendi. Dolor blanditiis sequi doloremque rerum eaque rerum tempora. Ipsa quasi vero aperiam.',1,1,'2013-08-16 16:37:36'),(68,72,77,'Alias doloribus et dolor modi nobis. Sint sed est qui debitis et qui autem fugiat. Soluta non est vero consequatur maiores porro voluptatem itaque.',0,0,'2013-04-26 07:14:37'),(69,69,11,'Amet repudiandae enim aut. Quis ut ut eaque quis. Doloribus maiores perspiciatis et non qui nemo excepturi ipsam.',0,1,'2011-09-29 19:48:29'),(70,50,17,'Omnis veritatis dolores officiis possimus nostrum. Architecto velit consequuntur et amet. Qui eum nesciunt quis ut. Omnis qui ipsa quasi enim cum. Quia eius a rerum.',0,0,'2012-10-25 12:47:03'),(71,36,26,'Enim amet dicta cum iusto distinctio laborum excepturi. Pariatur quae ullam vitae earum ea nihil et. Ut vel ullam ullam tempore aut eum et.',1,0,'2018-11-14 06:48:33'),(72,21,29,'Qui qui ut rerum dolores sit repudiandae. Illo eaque sed nihil. Qui quod velit id eaque distinctio assumenda impedit cupiditate. Earum perferendis dolore et enim sunt neque sit omnis.',1,1,'2018-01-14 17:32:36'),(73,80,13,'Rerum et est aut sed. Repellendus dolores id officiis pariatur et. Reprehenderit veritatis et ratione omnis eligendi.',1,1,'2011-03-20 05:31:23'),(74,22,74,'Distinctio qui quaerat occaecati quia. Natus reprehenderit aperiam quia eum corporis. Tenetur unde animi voluptatibus harum dolorem. Sed assumenda commodi omnis expedita non laborum.',0,0,'2016-12-20 03:29:08'),(75,100,79,'Eos adipisci optio in dolores. Qui optio quo et. Enim cupiditate consequatur quisquam occaecati. Necessitatibus non eos facilis.',1,1,'2014-11-06 17:37:58'),(76,96,41,'Mollitia non omnis dolor illum distinctio dolor necessitatibus. Impedit nemo rerum accusamus quis.',1,1,'2019-01-02 18:37:56'),(77,19,70,'Perspiciatis recusandae quia sint qui iste. Et commodi aut iusto. Dicta velit non quo quod minus nemo at.',0,1,'2019-10-27 12:49:17'),(78,91,44,'Et reiciendis ut est. Animi natus doloremque vel amet veritatis sunt. Voluptas officiis est error vitae architecto autem rem.',0,0,'2011-05-16 12:38:42'),(79,46,97,'Minima in sint ut perferendis. Repellendus quod soluta quibusdam aut aut iusto. Corrupti ex minima inventore et exercitationem maxime. Quasi labore explicabo amet quae optio sed odio mollitia.',1,1,'2017-10-29 11:01:15'),(80,50,56,'Qui consequatur aut reprehenderit architecto animi. Aut corporis non sit. Voluptas aut consectetur nihil occaecati delectus.',0,0,'2016-02-19 17:40:51'),(81,28,75,'Ratione provident maxime architecto eum dolorum mollitia similique. Facilis sit occaecati omnis distinctio dolorem sapiente. Quisquam alias harum deserunt deserunt aut.',1,1,'2011-05-27 08:53:58'),(82,88,17,'Necessitatibus est dolorem et expedita eligendi eum voluptatem quae. Quasi et reiciendis suscipit quibusdam et quae. Eos quidem error blanditiis quo laudantium cupiditate est.',0,1,'2014-12-10 08:27:06'),(83,18,40,'Qui odio ab ut consequatur sequi. Nobis sunt illo quo voluptatem nesciunt et et. Et dolores cupiditate tempora a velit facere.',1,0,'2011-03-04 11:00:16'),(84,45,5,'Aut excepturi libero esse aut ea rem repudiandae. Culpa corporis consectetur eaque impedit asperiores mollitia accusamus. Totam cum nam in qui rerum occaecati et.',0,0,'2011-02-23 11:37:44'),(85,88,26,'Sequi totam amet vel ut. Asperiores id qui voluptas sint eum magnam amet soluta. Qui mollitia dolore quam iste dolor atque. Voluptas ut nobis qui omnis.',1,1,'2019-08-11 22:22:35'),(86,65,46,'Aut aut fugit expedita temporibus. Odio id et voluptas debitis eos. Dolore cumque quod voluptatem odit quia. Expedita cumque iusto ea dolorem aut.',0,0,'2014-06-13 06:33:39'),(87,36,39,'Nulla minus sapiente quia enim fugit exercitationem. Distinctio minus harum nostrum odit. Sit iste velit aliquam.',0,1,'2018-11-16 20:33:42'),(88,87,16,'Omnis similique ut libero enim eos. Veniam eius est sit eligendi culpa temporibus.',1,1,'2015-06-08 21:44:39'),(89,19,48,'Quae fugit porro accusantium quia modi ipsam veritatis velit. Sequi officiis est cupiditate enim. Illo recusandae mollitia sit dolores molestiae repellat error odit. Autem dolorem est debitis illum.',1,0,'2015-12-30 06:05:27'),(90,81,61,'Ipsam architecto ut rem rerum fugiat aut aperiam. Corrupti cupiditate eveniet a quae numquam. Laboriosam illum alias laudantium.',0,1,'2011-03-20 20:03:03'),(91,61,23,'Et commodi maiores perspiciatis ut quas est. Laudantium id ea sed corrupti et. Natus repudiandae facilis eligendi.',1,0,'2011-11-06 15:43:41'),(92,32,90,'Rem voluptates nam eaque. Corrupti quam autem dolor magni. Beatae ducimus repudiandae et itaque cum inventore vero. Quis eveniet perspiciatis modi esse ea cupiditate ipsa.',0,1,'2012-12-28 01:48:56'),(93,55,1,'Provident quibusdam et soluta earum fugit minima. Et dolor magnam at optio consectetur consequuntur sapiente voluptatem. Fugiat autem tempora ex recusandae earum accusamus.',0,1,'2015-07-28 04:38:20'),(94,42,7,'Ea placeat dolorem repellat eos reiciendis consectetur. Assumenda aut sapiente non. Repudiandae molestiae earum sapiente non. Et quasi aliquam impedit qui temporibus.',0,0,'2011-10-02 02:45:29'),(95,6,8,'Aspernatur qui commodi dignissimos soluta unde. Autem eos ullam eos nulla iure. Eius eius blanditiis nostrum adipisci quod ut perferendis. Omnis doloribus eveniet aut delectus.',1,0,'2016-01-10 01:14:21'),(96,23,90,'Quos voluptatem et occaecati nobis ipsam et harum veniam. Facere aspernatur perferendis optio sed. Delectus libero nam ullam ea ipsum.',1,0,'2010-07-30 08:10:16'),(97,80,29,'Enim quam doloribus soluta quibusdam perspiciatis. Omnis quae omnis exercitationem. Amet recusandae adipisci vitae ipsum omnis quod. Pariatur magni doloremque aliquam fuga.',1,0,'2015-08-14 13:25:03'),(98,4,34,'Repudiandae autem velit voluptates quaerat et. Doloribus ipsum est porro ex. Ipsa qui molestiae odio harum. Dolores voluptatibus unde dicta odio consequatur ea.',1,1,'2010-12-29 06:23:57'),(99,59,89,'Nesciunt molestiae officiis error. Occaecati fugiat dicta nemo excepturi quia recusandae velit.',0,0,'2015-03-05 22:30:31'),(100,69,79,'Ut cupiditate quia adipisci velit adipisci nihil quis. Saepe id maxime porro soluta. Quis ad reprehenderit earum quia.',1,1,'2011-10-10 17:12:37');
/*!40000 ALTER TABLE `messages` ENABLE KEYS */;
UNLOCK TABLES;

--
-- Table structure for table `profiles`
--

DROP TABLE IF EXISTS `profiles`;
/*!40101 SET @saved_cs_client     = @@character_set_client */;
/*!50503 SET character_set_client = utf8mb4 */;
CREATE TABLE `profiles` (
  `user_id` int unsigned NOT NULL,
  `gender` char(1) CHARACTER SET utf8 COLLATE utf8_unicode_ci NOT NULL,
  `birthday` date DEFAULT NULL,
  `city` varchar(100) CHARACTER SET utf8 COLLATE utf8_unicode_ci DEFAULT NULL,
  `country` varchar(100) CHARACTER SET utf8 COLLATE utf8_unicode_ci DEFAULT NULL,
  `photo_id` int unsigned NOT NULL,
  `created_at` datetime DEFAULT CURRENT_TIMESTAMP,
  `updated_at` datetime DEFAULT CURRENT_TIMESTAMP ON UPDATE CURRENT_TIMESTAMP,
  PRIMARY KEY (`user_id`)
) ENGINE=InnoDB DEFAULT CHARSET=utf8 COLLATE=utf8_unicode_ci;
/*!40101 SET character_set_client = @saved_cs_client */;

--
-- Dumping data for table `profiles`
--

LOCK TABLES `profiles` WRITE;
/*!40000 ALTER TABLE `profiles` DISABLE KEYS */;
INSERT INTO `profiles` VALUES (1,'f','2011-05-19','Port Shemarstad','Falkland Islands (Malvinas)',1,'2010-11-09 17:22:15','2010-11-22 15:42:15'),(2,'f','1971-04-10','Port Kiarabury','Sri Lanka',2,'2011-03-10 19:36:02','2011-03-11 11:43:02'),(3,'m','1999-03-01','North Maida','Uganda',3,'2011-01-23 19:50:19','2011-01-30 01:26:19'),(4,'f','2014-03-25','South Shayna','Mayotte',4,'2011-11-14 04:56:36','2011-11-15 13:54:36'),(5,'f','1997-08-27','Dejonland','Jordan',5,'2019-11-13 23:46:41','2019-11-16 01:08:41'),(6,'m','2002-08-03','New Rosie','Zambia',6,'2013-11-15 15:25:48','2013-11-21 19:24:48'),(7,'m','1982-11-14','Volkmanview','Kazakhstan',7,'2018-08-15 22:11:02','2018-08-26 16:42:02'),(8,'f','2001-12-27','East Ciara','Oman',8,'2011-05-11 01:50:59','2011-05-18 15:45:59'),(9,'m','1983-11-29','East Gwendolynland','Nicaragua',9,'2010-05-18 17:53:55','2010-05-24 07:56:55'),(10,'f','1979-08-27','South Rae','Tuvalu',10,'2018-10-22 08:34:39','2018-10-27 13:03:39'),(11,'m','2017-03-25','East Brendanhaven','New Zealand',11,'2018-07-21 18:41:25','2018-07-30 23:00:25'),(12,'f','1990-07-21','Stehrfurt','Bangladesh',12,'2012-05-18 04:12:30','2012-05-20 17:41:30'),(13,'m','1989-05-25','Otiliastad','Chad',13,'2011-01-19 04:50:57','2011-02-01 05:57:57'),(14,'f','1996-07-08','Heathcotechester','Ghana',14,'2014-05-28 01:06:39','2014-05-30 00:54:39'),(15,'m','2015-06-08','East Lenny','Azerbaijan',15,'2013-05-18 00:22:28','2013-05-30 12:04:28'),(16,'f','1988-03-23','Farrellstad','Malaysia',16,'2017-02-20 15:41:55','2017-02-21 13:27:55'),(17,'f','2013-04-13','Rippinview','Czech Republic',17,'2019-05-17 18:35:04','2019-05-26 12:19:04'),(18,'m','1990-01-25','Haaghaven','Japan',18,'2018-01-07 19:46:12','2018-01-21 00:29:12'),(19,'f','1989-12-11','Port Mabel','Bhutan',19,'2013-12-26 16:09:45','2014-01-07 15:51:45'),(20,'f','1986-08-29','Wiegandchester','Nepal',20,'2015-02-16 10:18:44','2015-02-22 21:22:44'),(21,'f','1971-06-19','Runolfssonmouth','Yemen',21,'2020-02-09 01:32:40','2020-02-19 07:07:40'),(22,'f','2016-08-29','New Joaniehaven','Montenegro',22,'2016-10-31 08:49:16','2016-11-04 08:52:16'),(23,'m','2014-04-21','Port Maudie','Italy',23,'2012-10-26 20:26:07','2012-10-30 01:14:07'),(24,'m','2015-07-13','Lake Chad','Greece',24,'2017-01-14 11:22:33','2017-01-18 11:17:33'),(25,'m','2006-11-21','Lake Donavon','Cameroon',25,'2010-11-02 21:27:16','2010-11-13 06:37:16'),(26,'m','2014-03-26','East Gusborough','Israel',26,'2018-07-09 08:59:34','2018-07-21 12:25:34'),(27,'m','1996-09-21','South Ashlynn','Algeria',27,'2012-06-11 14:06:32','2012-06-13 09:04:32'),(28,'m','2003-06-12','Isaacview','Bermuda',28,'2013-08-01 00:16:01','2013-08-01 07:31:01'),(29,'f','2019-11-01','Wilkinsonborough','Tajikistan',29,'2013-09-12 04:40:44','2013-09-22 05:20:44'),(30,'f','1998-09-02','Ciarahaven','Guinea-Bissau',30,'2012-04-10 06:42:47','2012-04-17 20:17:47'),(31,'m','2012-12-21','South Russport','Nicaragua',31,'2012-08-14 14:01:49','2012-08-22 07:58:49'),(32,'m','1990-04-27','East Pearlmouth','Philippines',32,'2014-02-22 16:39:45','2014-02-24 20:18:45'),(33,'m','2017-06-14','Port Verner','Tuvalu',33,'2019-03-17 20:23:58','2019-03-19 06:08:58'),(34,'m','2011-03-25','Kihnburgh','Panama',34,'2019-06-08 14:48:52','2019-06-09 04:37:52'),(35,'m','2016-04-10','West Kyla','Montenegro',35,'2018-12-09 00:02:58','2018-12-21 13:14:58'),(36,'f','2005-09-21','Caliville','Northern Mariana Islands',36,'2012-08-26 19:39:40','2012-09-01 06:53:40'),(37,'f','1986-06-08','West Jamalland','Belarus',37,'2015-10-25 11:34:45','2015-10-29 01:25:45'),(38,'m','1982-05-11','Alexanefort','Northern Mariana Islands',38,'2017-09-17 00:48:08','2017-09-18 12:24:08'),(39,'m','1992-07-27','East Francescafort','Kazakhstan',39,'2010-10-09 22:18:33','2010-10-20 12:06:33'),(40,'f','2006-05-21','West Madalineton','Madagascar',40,'2012-01-30 08:00:42','2012-02-06 02:11:42'),(41,'m','1990-12-13','South Rory','Equatorial Guinea',41,'2016-11-25 22:38:54','2016-11-28 00:09:54'),(42,'f','1979-01-16','Abshirestad','Equatorial Guinea',42,'2012-06-25 05:44:23','2012-06-29 04:07:23'),(43,'f','2018-01-12','South Heidi','Somalia',43,'2014-01-26 20:45:38','2014-02-09 08:08:38'),(44,'f','2006-06-06','Lake Mekhi','United Kingdom',44,'2016-12-01 18:34:06','2016-12-01 18:58:06'),(45,'f','1972-07-08','New Carolinaton','United States of America',45,'2012-02-14 00:53:58','2012-02-15 08:47:58'),(46,'m','1977-12-31','Ebertfurt','Serbia',46,'2013-11-01 19:41:45','2013-11-08 09:57:45'),(47,'f','1981-01-29','Dareborough','Falkland Islands (Malvinas)',47,'2019-06-25 03:56:49','2019-06-26 08:55:49'),(48,'f','1973-02-20','North Lexusborough','Cuba',48,'2019-04-30 06:50:10','2019-04-30 10:18:10'),(49,'m','2008-12-14','New Ethamouth','Iran',49,'2010-07-26 22:00:29','2010-08-06 21:44:29'),(50,'m','1976-11-14','Port Andreaneport','Eritrea',50,'2011-06-20 18:05:50','2011-07-03 14:23:50'),(51,'m','2009-11-12','Port Fridamouth','Kiribati',51,'2013-10-04 02:29:15','2013-10-07 14:05:15'),(52,'f','1971-07-03','Norrisborough','Pitcairn Islands',52,'2013-03-13 23:17:52','2013-03-20 15:06:52'),(53,'m','2002-02-28','North Deangelofort','Oman',53,'2011-07-25 13:47:09','2011-08-03 12:45:09'),(54,'m','1988-12-06','Hartmannmouth','Bahrain',54,'2020-01-02 10:52:16','2020-01-13 08:56:16'),(55,'m','2013-09-04','North Holdenborough','Bulgaria',55,'2012-08-31 12:17:19','2012-09-14 08:23:19'),(56,'f','1997-11-25','North Reginald','Brunei Darussalam',56,'2018-01-30 11:42:39','2018-02-08 03:20:39'),(57,'m','2001-10-08','Angusmouth','Northern Mariana Islands',57,'2016-03-19 21:33:33','2016-03-21 15:27:33'),(58,'f','1970-07-06','Lake Douglasfurt','Saint Vincent and the Grenadines',58,'2010-08-07 02:22:26','2010-08-17 15:35:26'),(59,'m','1989-03-26','East Oralmouth','Guadeloupe',59,'2019-11-29 03:07:51','2019-12-04 23:34:51'),(60,'f','1996-09-16','North Jodyburgh','Egypt',60,'2014-02-14 16:06:18','2014-02-26 04:03:18'),(61,'m','2000-06-22','Kayastad','Turkey',61,'2012-09-18 00:22:09','2012-09-30 04:04:09'),(62,'m','2012-02-26','Yostfurt','Cote d\'Ivoire',62,'2016-05-01 23:50:32','2016-05-14 09:08:32'),(63,'f','2001-07-24','Donavonville','Bulgaria',63,'2017-10-19 00:32:50','2017-10-30 14:40:50'),(64,'m','2008-10-28','North Edmund','Finland',64,'2013-09-09 04:28:01','2013-09-16 01:52:01'),(65,'f','1996-10-30','Port Elenorview','Senegal',65,'2017-07-19 07:57:49','2017-08-01 21:53:49'),(66,'f','1980-10-10','Champlinland','Finland',66,'2019-11-20 01:50:01','2019-11-25 15:19:01'),(67,'f','1978-10-20','North Layne','Philippines',67,'2013-07-28 00:46:36','2013-07-28 23:44:36'),(68,'m','2019-07-11','Jontown','Uganda',68,'2013-04-06 01:50:37','2013-04-08 01:33:37'),(69,'f','1981-12-21','Estellefurt','San Marino',69,'2011-09-15 11:01:29','2011-09-22 12:41:29'),(70,'f','2019-03-07','Port Emmitt','Western Sahara',70,'2012-10-14 09:02:03','2012-10-15 23:34:03'),(71,'m','2011-02-01','North Berthaside','Kenya',71,'2018-11-01 14:22:33','2018-11-02 07:24:33'),(72,'f','2000-11-11','Eddieport','Albania',72,'2018-01-12 13:17:36','2018-01-25 04:13:36'),(73,'f','2006-09-16','West Ottismouth','Korea',73,'2011-03-19 14:54:23','2011-03-25 01:06:23'),(74,'f','1997-08-01','New Ruth','Cayman Islands',74,'2016-11-25 20:29:08','2016-11-29 00:03:08'),(75,'m','1984-06-26','Pourosburgh','Chad',75,'2014-10-29 05:09:58','2014-11-11 13:44:58'),(76,'m','2011-03-01','Evanchester','Denmark',76,'2018-12-08 11:54:56','2018-12-10 06:46:56'),(77,'m','2002-03-31','Paulmouth','Angola',77,'2019-10-10 00:38:17','2019-10-20 13:15:17'),(78,'f','1974-10-29','Ornville','South Georgia and the South Sandwich Islands',78,'2011-05-04 19:53:42','2011-05-10 10:21:42'),(79,'f','1979-09-06','Sydneefort','Cambodia',79,'2017-10-23 11:48:15','2017-11-02 19:39:15'),(80,'f','2011-06-17','New Laurianne','Antarctica (the territory South of 60 deg S)',80,'2016-01-28 05:07:51','2016-02-04 06:19:51'),(81,'f','2018-04-06','Johnsonchester','Myanmar',81,'2011-05-15 23:49:58','2011-05-20 06:14:58'),(82,'m','1989-01-28','Greenfort','Mauritania',82,'2014-11-23 06:04:06','2014-11-23 10:34:06'),(83,'m','2007-10-16','Leannonton','Pakistan',83,'2011-02-08 20:57:16','2011-02-10 21:31:16'),(84,'m','2003-05-22','East Fay','Heard Island and McDonald Islands',84,'2011-02-12 09:49:44','2011-02-21 23:12:44'),(85,'m','2009-06-03','North Paxton','Slovenia',85,'2019-07-30 12:50:35','2019-07-30 14:02:35'),(86,'f','2003-12-24','Claudebury','Saint Martin',86,'2014-06-12 06:59:39','2014-06-25 12:53:39'),(87,'f','2004-10-05','New Lauren','Luxembourg',87,'2018-10-24 13:56:42','2018-11-04 02:29:42'),(88,'f','1979-05-26','East Alysha','Equatorial Guinea',88,'2015-06-06 14:02:39','2015-06-19 11:06:39'),(89,'f','2009-08-11','North Melba','Bahamas',89,'2015-12-05 03:24:27','2015-12-10 04:24:27'),(90,'f','1992-02-09','Jochester','New Caledonia',90,'2011-03-13 08:23:03','2011-03-13 19:31:03'),(91,'f','2007-01-14','Lowefort','Dominica',91,'2011-10-20 00:08:41','2011-10-21 02:11:41'),(92,'m','2008-04-06','Stefanieton','Lebanon',92,'2012-12-17 20:11:56','2012-12-21 21:01:56'),(93,'f','2014-12-07','South Fabiolachester','Guinea',93,'2015-07-02 04:36:20','2015-07-05 05:19:20'),(94,'f','2015-04-22','North Verdiemouth','Portugal',94,'2011-09-16 03:28:29','2011-09-19 04:32:29'),(95,'m','1986-05-16','Robelfurt','Seychelles',95,'2016-01-08 04:55:21','2016-01-14 08:05:21'),(96,'f','1982-11-04','Nadermouth','Russian Federation',96,'2010-07-13 11:07:16','2010-07-21 02:28:16'),(97,'m','2015-02-14','Vincenzotown','Tuvalu',97,'2015-07-22 06:23:03','2015-07-28 04:18:03'),(98,'m','1992-09-27','North Josefa','Macao',98,'2010-12-18 23:44:57','2010-12-25 15:18:57'),(99,'m','1979-03-24','West Jaydeborough','Kyrgyz Republic',99,'2015-02-24 15:41:31','2015-02-26 06:27:31'),(100,'f','2006-10-18','Lake Rashawnview','Swaziland',100,'2011-09-25 03:00:37','2011-09-27 03:27:37');
/*!40000 ALTER TABLE `profiles` ENABLE KEYS */;
UNLOCK TABLES;

--
-- Table structure for table `users`
--

DROP TABLE IF EXISTS `users`;
/*!40101 SET @saved_cs_client     = @@character_set_client */;
/*!50503 SET character_set_client = utf8mb4 */;
CREATE TABLE `users` (
  `id` int unsigned NOT NULL AUTO_INCREMENT,
  `first_name` varchar(100) CHARACTER SET utf8 COLLATE utf8_unicode_ci NOT NULL,
  `last_name` varchar(100) CHARACTER SET utf8 COLLATE utf8_unicode_ci NOT NULL,
  `email` varchar(120) CHARACTER SET utf8 COLLATE utf8_unicode_ci NOT NULL,
  `phone` varchar(120) CHARACTER SET utf8 COLLATE utf8_unicode_ci NOT NULL,
  `created_at` datetime DEFAULT CURRENT_TIMESTAMP,
  `updated_at` datetime DEFAULT CURRENT_TIMESTAMP ON UPDATE CURRENT_TIMESTAMP,
  PRIMARY KEY (`id`),
  UNIQUE KEY `email` (`email`),
  UNIQUE KEY `phone` (`phone`)
) ENGINE=InnoDB AUTO_INCREMENT=101 DEFAULT CHARSET=utf8 COLLATE=utf8_unicode_ci;
/*!40101 SET character_set_client = @saved_cs_client */;

--
-- Dumping data for table `users`
--

LOCK TABLES `users` WRITE;
/*!40000 ALTER TABLE `users` DISABLE KEYS */;
INSERT INTO `users` VALUES (1,'Simone','Beahan','daija95@example.net','8-790-974-59-87','2010-11-09 17:22:15','2010-12-06 00:12:15'),(2,'Toney','Halvorson','madalyn19@example.com','8-718-837-13-75','2011-03-10 19:36:02','2011-03-14 14:44:02'),(3,'Annamarie','Johns','karina.mraz@example.org','8-585-556-91-16','2011-01-23 19:50:19','2011-02-16 07:01:19'),(4,'Katlyn','Ritchie','kautzer.carmine@example.org','8-637-799-18-22','2011-11-14 04:56:36','2011-12-06 19:26:36'),(5,'Beaulah','Bernier','addison.eichmann@example.com','8-455-614-69-67','2019-11-13 23:46:41','2019-11-28 20:04:41'),(6,'Dustin','Little','morgan93@example.com','8-313-307-49-56','2013-11-15 15:25:48','2013-11-22 01:27:48'),(7,'Julien','Beier','khagenes@example.com','8-375-954-84-37','2018-08-15 22:11:02','2018-08-31 06:05:02'),(8,'Ebony','Pollich','blesch@example.org','8-152-421-64-97','2011-05-11 01:50:59','2011-05-12 21:57:59'),(9,'Maryjane','Koss','vivien.vonrueden@example.org','8-193-599-51-68','2010-05-18 17:53:55','2010-06-06 12:06:55'),(10,'Cordie','Raynor','jorge95@example.org','8-924-634-29-39','2018-10-22 08:34:39','2018-10-27 07:19:39'),(11,'Drew','Runolfsdottir','mason70@example.org','8-977-905-58-15','2018-07-21 18:41:25','2018-08-14 19:07:25'),(12,'Gabrielle','Swift','felicity36@example.org','8-696-214-67-86','2012-05-18 04:12:30','2012-06-09 02:08:30'),(13,'Beau','Spencer','sierra20@example.com','8-408-227-70-97','2011-01-19 04:50:57','2011-01-28 22:31:57'),(14,'Kristy','Reichel','cortez10@example.net','8-866-391-15-41','2014-05-28 01:06:39','2014-06-07 18:25:39'),(15,'Unique','Willms','o\'connell.felipe@example.com','8-627-876-59-27','2013-05-18 00:22:28','2013-06-11 09:54:28'),(16,'Zoie','Hayes','uwuckert@example.com','8-358-875-50-70','2017-02-20 15:41:55','2017-02-27 03:23:55'),(17,'Marion','Legros','xschiller@example.com','8-126-201-52-14','2019-05-17 18:35:04','2019-06-01 13:50:04'),(18,'Rose','Pollich','kub.clinton@example.net','8-832-929-25-18','2018-01-07 19:46:12','2018-02-03 14:17:12'),(19,'Meghan','Hyatt','shields.aurelia@example.org','8-947-493-42-53','2013-12-26 16:09:45','2014-01-01 18:57:45'),(20,'Samara','Carter','aric.krajcik@example.com','8-424-407-65-19','2015-02-16 10:18:44','2015-02-22 06:06:44'),(21,'Carissa','Heller','stanley.beahan@example.com','8-668-869-44-40','2020-02-09 01:32:40','2020-02-19 20:09:40'),(22,'Adrian','Fay','fletcher50@example.org','8-618-863-55-12','2016-10-31 08:49:16','2016-11-08 23:51:16'),(23,'Jean','Ryan','rblick@example.net','8-617-825-37-20','2012-10-26 20:26:07','2012-11-06 15:46:07'),(24,'Vladimir','Dibbert','hmosciski@example.net','8-711-135-23-67','2017-01-14 11:22:33','2017-01-14 20:15:33'),(25,'Emelie','Ferry','kris65@example.org','8-808-991-62-98','2010-11-02 21:27:16','2010-11-27 21:11:16'),(26,'Dahlia','Anderson','ozulauf@example.com','8-259-922-13-50','2018-07-09 08:59:34','2018-07-22 02:24:34'),(27,'Annamae','Rosenbaum','drake.hamill@example.com','8-261-565-14-72','2012-06-11 14:06:32','2012-06-28 00:36:32'),(28,'Howard','Harvey','cbernhard@example.com','8-407-650-13-41','2013-08-01 00:16:01','2013-08-17 05:55:01'),(29,'Sydnee','Wunsch','tmccullough@example.net','8-686-279-13-64','2013-09-12 04:40:44','2013-09-16 06:44:44'),(30,'Elmo','Marquardt','haleigh77@example.org','8-960-939-80-25','2012-04-10 06:42:47','2012-05-07 13:24:47'),(31,'Alexzander','Gottlieb','jeffrey.effertz@example.net','8-539-927-21-90','2012-08-14 14:01:49','2012-08-27 14:41:49'),(32,'Aurore','Abernathy','eledner@example.net','8-225-977-50-42','2014-02-22 16:39:45','2014-03-05 18:33:45'),(33,'Devan','McClure','ykozey@example.org','8-502-229-43-50','2019-03-17 20:23:58','2019-04-03 03:55:58'),(34,'Catalina','Bogisich','gerson73@example.org','8-226-404-34-41','2019-06-08 14:48:52','2019-06-29 04:05:52'),(35,'Paris','Lebsack','rkutch@example.com','8-958-736-70-32','2018-12-09 00:02:58','2019-01-04 01:11:58'),(36,'Mariano','Spencer','nicole.o\'connell@example.net','8-312-481-46-80','2012-08-26 19:39:40','2012-09-08 20:14:40'),(37,'Kiley','Rohan','birdie.rippin@example.org','8-745-293-92-95','2015-10-25 11:34:45','2015-11-09 05:41:45'),(38,'Dedrick','O\'Reilly','wilma.schuppe@example.com','8-146-430-70-37','2017-09-17 00:48:08','2017-09-23 22:58:08'),(39,'Aubrey','Klein','fay.laisha@example.org','8-536-557-18-92','2010-10-09 22:18:33','2010-10-28 01:29:33'),(40,'Jonathon','Stoltenberg','uterry@example.com','8-405-937-66-45','2012-01-30 08:00:42','2012-02-13 16:05:42'),(41,'Sister','Pacocha','jonathan34@example.net','8-169-269-73-98','2016-11-25 22:38:54','2016-12-13 05:33:54'),(42,'Maximus','Koepp','ashton44@example.net','8-866-340-79-19','2012-06-25 05:44:23','2012-07-10 21:21:23'),(43,'Catalina','Wilkinson','wwilliamson@example.org','8-249-570-20-13','2014-01-26 20:45:38','2014-02-22 06:09:38'),(44,'Baby','Hamill','clarissa.kirlin@example.net','8-837-991-54-55','2016-12-01 18:34:06','2016-12-03 10:40:06'),(45,'Jody','Reilly','kuhic.christelle@example.com','8-170-861-10-51','2012-02-14 00:53:58','2012-02-26 13:13:58'),(46,'Ryan','Braun','giles.pfannerstill@example.com','8-377-240-86-82','2013-11-01 19:41:45','2013-11-03 19:42:45'),(47,'Enola','Monahan','djerde@example.com','8-544-130-71-40','2019-06-25 03:56:49','2019-06-25 09:40:49'),(48,'Rosa','Hoeger','carmine34@example.org','8-671-240-88-91','2019-04-30 06:50:10','2019-05-23 06:11:10'),(49,'Alda','Donnelly','jrobel@example.org','8-949-979-15-41','2010-07-26 22:00:29','2010-07-29 22:53:29'),(50,'Michele','Schimmel','will.noelia@example.net','8-651-991-20-64','2011-06-20 18:05:50','2011-06-22 13:49:50'),(51,'Brycen','Howe','obogan@example.org','8-745-771-61-68','2013-10-04 02:29:15','2013-10-04 02:29:15'),(52,'Eliseo','Hagenes','phamill@example.com','8-585-761-14-16','2013-03-13 23:17:52','2013-04-05 06:44:52'),(53,'Maximillian','Keeling','zhilll@example.net','8-271-763-20-44','2011-07-25 13:47:09','2011-07-26 00:22:09'),(54,'Preston','Bayer','lina44@example.com','8-624-773-98-75','2020-01-02 10:52:16','2020-01-21 01:30:16'),(55,'Aron','Gorczany','schuppe.belle@example.org','8-701-237-77-39','2012-08-31 12:17:19','2012-09-08 21:40:19'),(56,'Amara','Stiedemann','hane.isadore@example.com','8-430-868-25-35','2018-01-30 11:42:39','2018-02-13 09:23:39'),(57,'Holly','Bailey','heaven72@example.net','8-940-825-30-75','2016-03-19 21:33:33','2016-04-05 11:09:33'),(58,'Wiley','Ullrich','precious.kirlin@example.net','8-967-665-32-43','2010-08-07 02:22:26','2010-08-20 10:38:26'),(59,'Cody','O\'Hara','omarquardt@example.com','8-218-571-29-59','2019-11-29 03:07:51','2019-12-16 03:43:51'),(60,'Levi','Boehm','oprice@example.com','8-172-772-54-33','2014-02-14 16:06:18','2014-03-03 23:36:18'),(61,'Kirstin','Gislason','jkub@example.org','8-832-351-95-94','2012-09-18 00:22:09','2012-09-25 17:24:09'),(62,'Johnathan','Kihn','zosinski@example.net','8-871-505-70-15','2016-05-01 23:50:32','2016-05-16 09:11:32'),(63,'William','Turcotte','austyn.waters@example.net','8-322-152-58-61','2017-10-19 00:32:50','2017-11-09 01:31:50'),(64,'Maci','Murphy','stan.donnelly@example.net','8-311-501-56-34','2013-09-09 04:28:01','2013-09-15 16:02:01'),(65,'Jonathan','Ritchie','hartmann.joshua@example.net','8-846-381-16-47','2017-07-19 07:57:49','2017-08-13 04:10:49'),(66,'Laisha','Stanton','vrunte@example.org','8-905-289-42-28','2019-11-20 01:50:01','2019-12-11 12:14:01'),(67,'Narciso','Heller','tony.torp@example.com','8-958-221-82-68','2013-07-28 00:46:36','2013-08-01 21:29:36'),(68,'Trinity','Zulauf','jrice@example.net','8-877-405-19-55','2013-04-06 01:50:37','2013-04-21 15:32:37'),(69,'Rasheed','Pagac','o\'reilly.tremaine@example.org','8-310-675-54-60','2011-09-15 11:01:29','2011-09-23 04:02:29'),(70,'Claudie','Larson','francisco61@example.com','8-402-987-92-69','2012-10-14 09:02:03','2012-11-02 23:41:03'),(71,'Aglae','Emard','justina21@example.com','8-595-783-23-51','2018-11-01 14:22:33','2018-11-20 23:15:33'),(72,'Crawford','Homenick','wrice@example.com','8-878-946-20-75','2018-01-12 13:17:36','2018-01-22 19:07:36'),(73,'Chance','Littel','chelsie.bartoletti@example.net','8-410-562-58-23','2011-03-19 14:54:23','2011-04-09 12:06:23'),(74,'Teagan','Botsford','nblick@example.org','8-236-365-12-30','2016-11-25 20:29:08','2016-12-13 23:41:08'),(75,'Constantin','Ryan','desmond.stark@example.org','8-164-706-24-78','2014-10-29 05:09:58','2014-10-29 10:50:58'),(76,'Maximilian','Bosco','dstark@example.net','8-430-578-59-27','2018-12-08 11:54:56','2018-12-10 20:04:56'),(77,'Danielle','Kerluke','tre23@example.net','8-367-913-66-48','2019-10-10 00:38:17','2019-10-21 00:26:17'),(78,'Imogene','Breitenberg','connie83@example.net','8-361-231-86-85','2011-05-04 19:53:42','2011-05-24 23:45:42'),(79,'Sheldon','Leannon','kunze.marlon@example.com','8-719-895-41-22','2017-10-23 11:48:15','2017-11-04 18:24:15'),(80,'Eve','Hand','mbartell@example.net','8-658-716-60-78','2016-01-28 05:07:51','2016-01-29 02:33:51'),(81,'Lucio','Bauch','uriah98@example.net','8-218-428-48-15','2011-05-15 23:49:58','2011-06-08 04:29:58'),(82,'Serena','Cormier','gerlach.josh@example.com','8-114-903-47-47','2014-11-23 06:04:06','2014-11-25 10:29:06'),(83,'Matilda','Watsica','sanford.ervin@example.org','8-843-892-92-98','2011-02-08 20:57:16','2011-03-05 13:03:16'),(84,'Kristian','Deckow','ydaniel@example.net','8-266-947-24-97','2011-02-12 09:49:44','2011-02-18 02:25:44'),(85,'Cade','D\'Amore','jamir08@example.org','8-475-231-52-94','2019-07-30 12:50:35','2019-08-09 12:52:35'),(86,'Deanna','Reinger','felicita95@example.net','8-367-686-42-89','2014-06-12 06:59:39','2014-06-17 10:40:39'),(87,'Rodrick','Ortiz','burdette28@example.net','8-407-135-25-76','2018-10-24 13:56:42','2018-11-17 02:56:42'),(88,'Hassan','Lind','romaine13@example.org','8-272-761-19-36','2015-06-06 14:02:39','2015-06-25 12:01:39'),(89,'Jonathon','Price','janet09@example.net','8-279-186-88-19','2015-12-05 03:24:27','2015-12-29 02:20:27'),(90,'Raquel','Morissette','princess48@example.org','8-920-309-47-48','2011-03-13 08:23:03','2011-03-20 19:46:03'),(91,'Roberto','Kulas','joanne.cruickshank@example.org','8-873-118-56-58','2011-10-20 00:08:41','2011-11-10 01:34:41'),(92,'Anya','Russel','hfadel@example.org','8-224-164-94-54','2012-12-17 20:11:56','2013-01-14 03:53:56'),(93,'Bette','Boehm','sierra.adams@example.net','8-720-942-64-34','2015-07-02 04:36:20','2015-07-20 01:28:20'),(94,'Alize','Eichmann','ozemlak@example.org','8-561-770-27-74','2011-09-16 03:28:29','2011-09-23 12:45:29'),(95,'Lilliana','Powlowski','walsh.diego@example.net','8-135-126-12-13','2016-01-08 04:55:21','2016-01-19 07:23:21'),(96,'Mariana','Thompson','lakin.selina@example.org','8-226-615-49-53','2010-07-13 11:07:16','2010-07-19 00:58:16'),(97,'Jerel','Christiansen','abshire.stewart@example.net','8-208-222-38-27','2015-07-22 06:23:03','2015-08-13 14:54:03'),(98,'Waylon','Lakin','garth.roberts@example.org','8-100-482-21-41','2010-12-18 23:44:57','2010-12-30 16:45:57'),(99,'Chet','Hills','paula05@example.org','8-448-888-29-52','2015-02-24 15:41:31','2015-03-15 21:55:31'),(100,'Justice','Jast','langosh.gerard@example.com','8-767-339-19-74','2011-09-25 03:00:37','2011-09-30 17:48:37');
/*!40000 ALTER TABLE `users` ENABLE KEYS */;
UNLOCK TABLES;
/*!40103 SET TIME_ZONE=@OLD_TIME_ZONE */;

/*!40101 SET SQL_MODE=@OLD_SQL_MODE */;
/*!40014 SET FOREIGN_KEY_CHECKS=@OLD_FOREIGN_KEY_CHECKS */;
/*!40014 SET UNIQUE_CHECKS=@OLD_UNIQUE_CHECKS */;
/*!40101 SET CHARACTER_SET_CLIENT=@OLD_CHARACTER_SET_CLIENT */;
/*!40101 SET CHARACTER_SET_RESULTS=@OLD_CHARACTER_SET_RESULTS */;
/*!40101 SET COLLATION_CONNECTION=@OLD_COLLATION_CONNECTION */;
/*!40111 SET SQL_NOTES=@OLD_SQL_NOTES */;

-- Dump completed on 2020-04-03  9:30:31